asset_id,original_backup_path,original_asset_path,webp_asset_path,webp_status,width,height,source_type,source_title,source_date,description,reference_count
cfs-image-0001,data/facebook-export/this_profile's_activity_across_facebook/posts/media/150116opundetaaideason_968635439857432/968635519857424.jpg,assets/images/original/cfs-image-0001.jpg,assets/images/webp/cfs-image-0001.webp,ok,960,640,album_cover,150116オープンデータアイデアソン,2016-02-25 18:08,150116オープンデータアイデアソン,2
cfs-image-0002,data/facebook-export/this_profile's_activity_across_facebook/posts/media/150116opundetaaideason_968635439857432/968635526524090.jpg,assets/images/original/cfs-image-0002.jpg,assets/images/webp/cfs-image-0002.webp,ok,960,640,album_photo,150116オープンデータアイデアソン,2016-02-25 18:08,150116オープンデータアイデアソン,1
cfs-image-0003,data/facebook-export/this_profile's_activity_across_facebook/posts/media/150116opundetaaideason_968635439857432/968635566524086.jpg,assets/images/original/cfs-image-0003.jpg,assets/images/webp/cfs-image-0003.webp,ok,960,640,album_photo,150116オープンデータアイデアソン,2016-02-25 18:08,150116オープンデータアイデアソン,1
cfs-image-0004,data/facebook-export/this_profile's_activity_across_facebook/posts/media/150116opundetaaideason_968635439857432/968635569857419.jpg,assets/images/original/cfs-image-0004.jpg,assets/images/webp/cfs-image-0004.webp,ok,960,640,album_photo,150116オープンデータアイデアソン,2016-02-25 18:08,150116オープンデータアイデアソン,1
cfs-image-0005,data/facebook-export/this_profile's_activity_across_facebook/posts/media/150116opundetaaideason_968635439857432/968635616524081.jpg,assets/images/original/cfs-image-0005.jpg,assets/images/webp/cfs-image-0005.webp,ok,960,640,album_photo,150116オープンデータアイデアソン,2016-02-25 18:08,150116オープンデータアイデアソン,1
cfs-image-0006,data/facebook-export/this_profile's_activity_across_facebook/posts/media/150116opundetaaideason_968635439857432/968635633190746.jpg,assets/images/original/cfs-image-0006.jpg,assets/images/webp/cfs-image-0006.webp,ok,960,720,album_photo,150116オープンデータアイデアソン,2016-02-25 18:08,150116オープンデータアイデアソン,1
cfs-image-0007,data/facebook-export/this_profile's_activity_across_facebook/posts/media/150116opundetaaideason_968635439857432/968635659857410.jpg,assets/images/original/cfs-image-0007.jpg,assets/images/webp/cfs-image-0007.webp,ok,960,640,album_photo,150116オープンデータアイデアソン,2016-02-25 18:08,150116オープンデータアイデアソン,1
cfs-image-0008,data/facebook-export/this_profile's_activity_across_facebook/posts/media/150116opundetaaideason_968635439857432/968635683190741.jpg,assets/images/original/cfs-image-0008.jpg,assets/images/webp/cfs-image-0008.webp,ok,960,720,album_photo,150116オープンデータアイデアソン,2016-02-25 18:08,150116オープンデータアイデアソン,1
cfs-image-0009,data/facebook-export/this_profile's_activity_across_facebook/posts/media/150116opundetaaideason_968635439857432/968635703190739.jpg,assets/images/original/cfs-image-0009.jpg,assets/images/webp/cfs-image-0009.webp,ok,960,720,album_photo,150116オープンデータアイデアソン,2016-02-25 18:08,150116オープンデータアイデアソン,1
cfs-image-0010,data/facebook-export/this_profile's_activity_across_facebook/posts/media/150116opundetaaideason_968635439857432/968635733190736.jpg,assets/images/original/cfs-image-0010.jpg,assets/images/webp/cfs-image-0010.webp,ok,960,720,album_photo,150116オープンデータアイデアソン,2016-02-25 18:08,150116オープンデータアイデアソン,1
cfs-image-0011,data/facebook-export/this_profile's_activity_across_facebook/posts/media/150116opundetaaideason_968635439857432/968635756524067.jpg,assets/images/original/cfs-image-0011.jpg,assets/images/webp/cfs-image-0011.webp,ok,960,720,album_photo,150116オープンデータアイデアソン,2016-02-25 18:08,150116オープンデータアイデアソン,1
cfs-image-0012,data/facebook-export/this_profile's_activity_across_facebook/posts/media/150116opundetaaideason_968635439857432/968635786524064.jpg,assets/images/original/cfs-image-0012.jpg,assets/images/webp/cfs-image-0012.webp,ok,960,640,album_photo,150116オープンデータアイデアソン,2016-02-25 18:08,150116オープンデータアイデアソン,1
cfs-image-0013,data/facebook-export/this_profile's_activity_across_facebook/posts/media/150116opundetaaideason_968635439857432/968635803190729.jpg,assets/images/original/cfs-image-0013.jpg,assets/images/webp/cfs-image-0013.webp,ok,960,720,album_photo,150116オープンデータアイデアソン,2016-02-25 18:08,150116オープンデータアイデアソン,1
cfs-image-0014,data/facebook-export/this_profile's_activity_across_facebook/posts/media/150116opundetaaideason_968635439857432/968635839857392.jpg,assets/images/original/cfs-image-0014.jpg,assets/images/webp/cfs-image-0014.webp,ok,960,640,album_photo,150116オープンデータアイデアソン,2016-02-25 18:08,150116オープンデータアイデアソン,1
cfs-image-0015,data/facebook-export/this_profile's_activity_across_facebook/posts/media/150116opundetaaideason_968635439857432/968635859857390.jpg,assets/images/original/cfs-image-0015.jpg,assets/images/webp/cfs-image-0015.webp,ok,960,640,album_photo,150116オープンデータアイデアソン,2016-02-25 18:08,150116オープンデータアイデアソン,1
cfs-image-0016,data/facebook-export/this_profile's_activity_across_facebook/posts/media/150116opundetaaideason_968635439857432/968635873190722.jpg,assets/images/original/cfs-image-0016.jpg,assets/images/webp/cfs-image-0016.webp,ok,960,640,album_photo,150116オープンデータアイデアソン,2016-02-25 18:08,150116オープンデータアイデアソン,1
cfs-image-0017,data/facebook-export/this_profile's_activity_across_facebook/posts/media/150116opundetaaideason_968635439857432/968635886524054.jpg,assets/images/original/cfs-image-0017.jpg,assets/images/webp/cfs-image-0017.webp,ok,640,960,album_photo,150116オープンデータアイデアソン,2016-02-25 18:08,150116オープンデータアイデアソン,1
cfs-image-0018,data/facebook-export/this_profile's_activity_across_facebook/posts/media/150116opundetaaideason_968635439857432/968635899857386.jpg,assets/images/original/cfs-image-0018.jpg,assets/images/webp/cfs-image-0018.webp,ok,960,640,album_photo,150116オープンデータアイデアソン,2016-02-25 18:08,150116オープンデータアイデアソン,1
cfs-image-0019,data/facebook-export/this_profile's_activity_across_facebook/posts/media/150116opundetaaideason_968635439857432/968635919857384.jpg,assets/images/original/cfs-image-0019.jpg,assets/images/webp/cfs-image-0019.webp,ok,960,640,album_photo,150116オープンデータアイデアソン,2016-02-25 18:08,150116オープンデータアイデアソン,1
cfs-image-0020,data/facebook-export/this_profile's_activity_across_facebook/posts/media/150116opundetaaideason_968635439857432/968635963190713.jpg,assets/images/original/cfs-image-0020.jpg,assets/images/webp/cfs-image-0020.webp,ok,960,640,album_photo,150116オープンデータアイデアソン,2016-02-25 18:08,150116オープンデータアイデアソン,1
cfs-image-0021,data/facebook-export/this_profile's_activity_across_facebook/posts/media/150116opundetaaideason_968635439857432/968636063190703.jpg,assets/images/original/cfs-image-0021.jpg,assets/images/webp/cfs-image-0021.webp,ok,960,640,album_photo,150116オープンデータアイデアソン,2016-02-25 18:08,150116オープンデータアイデアソン,1
cfs-image-0022,data/facebook-export/this_profile's_activity_across_facebook/posts/media/150116opundetaaideason_968635439857432/968636119857364.jpg,assets/images/original/cfs-image-0022.jpg,assets/images/webp/cfs-image-0022.webp,ok,960,640,album_photo,150116オープンデータアイデアソン,2016-02-25 18:08,150116オープンデータアイデアソン,1
cfs-image-0023,data/facebook-export/this_profile's_activity_across_facebook/posts/media/150116opundetaaideason_968635439857432/968637133190596.jpg,assets/images/original/cfs-image-0023.jpg,assets/images/webp/cfs-image-0023.webp,ok,842,595,album_photo,150116オープンデータアイデアソン,2016-02-25 18:12,150116オープンデータアイデアソン,1
cfs-image-0024,data/facebook-export/this_profile's_activity_across_facebook/posts/media/150131opundetahakkason_968636276524015/968636289857347.jpg,assets/images/original/cfs-image-0024.jpg,assets/images/webp/cfs-image-0024.webp,ok,640,960,album_cover,150131オープンデータハッカソン,2016-02-25 18:09,150131オープンデータハッカソン,2
cfs-image-0025,data/facebook-export/this_profile's_activity_across_facebook/posts/media/150131opundetahakkason_968636276524015/968636293190680.jpg,assets/images/original/cfs-image-0025.jpg,assets/images/webp/cfs-image-0025.webp,ok,960,640,album_photo,150131オープンデータハッカソン,2016-02-25 18:09,150131オープンデータハッカソン,1
cfs-image-0026,data/facebook-export/this_profile's_activity_across_facebook/posts/media/150131opundetahakkason_968636276524015/968636296524013.jpg,assets/images/original/cfs-image-0026.jpg,assets/images/webp/cfs-image-0026.webp,ok,960,640,album_photo,150131オープンデータハッカソン,2016-02-25 18:09,150131オープンデータハッカソン,1
cfs-image-0027,data/facebook-export/this_profile's_activity_across_facebook/posts/media/150131opundetahakkason_968636276524015/968636336524009.jpg,assets/images/original/cfs-image-0027.jpg,assets/images/webp/cfs-image-0027.webp,ok,960,640,album_photo,150131オープンデータハッカソン,2016-02-25 18:09,150131オープンデータハッカソン,1
cfs-image-0028,data/facebook-export/this_profile's_activity_across_facebook/posts/media/150131opundetahakkason_968636276524015/968636346524008.jpg,assets/images/original/cfs-image-0028.jpg,assets/images/webp/cfs-image-0028.webp,ok,960,640,album_photo,150131オープンデータハッカソン,2016-02-25 18:09,150131オープンデータハッカソン,1
cfs-image-0029,data/facebook-export/this_profile's_activity_across_facebook/posts/media/150131opundetahakkason_968636276524015/968636366524006.jpg,assets/images/original/cfs-image-0029.jpg,assets/images/webp/cfs-image-0029.webp,ok,960,640,album_photo,150131オープンデータハッカソン,2016-02-25 18:09,150131オープンデータハッカソン,1
cfs-image-0030,data/facebook-export/this_profile's_activity_across_facebook/posts/media/150131opundetahakkason_968636276524015/968636396524003.jpg,assets/images/original/cfs-image-0030.jpg,assets/images/webp/cfs-image-0030.webp,ok,960,717,album_photo,150131オープンデータハッカソン,2016-02-25 18:09,150131オープンデータハッカソン,1
cfs-image-0031,data/facebook-export/this_profile's_activity_across_facebook/posts/media/150131opundetahakkason_968636276524015/968636413190668.jpg,assets/images/original/cfs-image-0031.jpg,assets/images/webp/cfs-image-0031.webp,ok,640,960,album_photo,150131オープンデータハッカソン,2016-02-25 18:09,150131オープンデータハッカソン,1
cfs-image-0032,data/facebook-export/this_profile's_activity_across_facebook/posts/media/150131opundetahakkason_968636276524015/968636426524000.jpg,assets/images/original/cfs-image-0032.jpg,assets/images/webp/cfs-image-0032.webp,ok,640,960,album_photo,150131オープンデータハッカソン,2016-02-25 18:09,150131オープンデータハッカソン,1
cfs-image-0033,data/facebook-export/this_profile's_activity_across_facebook/posts/media/150131opundetahakkason_968636276524015/968636456523997.jpg,assets/images/original/cfs-image-0033.jpg,assets/images/webp/cfs-image-0033.webp,ok,960,640,album_photo,150131オープンデータハッカソン,2016-02-25 18:09,150131オープンデータハッカソン,1
cfs-image-0034,data/facebook-export/this_profile's_activity_across_facebook/posts/media/150131opundetahakkason_968636276524015/968636469857329.jpg,assets/images/original/cfs-image-0034.jpg,assets/images/webp/cfs-image-0034.webp,ok,960,640,album_photo,150131オープンデータハッカソン,2016-02-25 18:09,150131オープンデータハッカソン,1
cfs-image-0035,data/facebook-export/this_profile's_activity_across_facebook/posts/media/150131opundetahakkason_968636276524015/968636553190654.jpg,assets/images/original/cfs-image-0035.jpg,assets/images/webp/cfs-image-0035.webp,ok,960,640,album_photo,150131オープンデータハッカソン,2016-02-25 18:09,150131オープンデータハッカソン,1
cfs-image-0036,data/facebook-export/this_profile's_activity_across_facebook/posts/media/150131opundetahakkason_968636276524015/968636569857319.jpg,assets/images/original/cfs-image-0036.jpg,assets/images/webp/cfs-image-0036.webp,ok,960,640,album_photo,150131オープンデータハッカソン,2016-02-25 18:09,150131オープンデータハッカソン,1
cfs-image-0037,data/facebook-export/this_profile's_activity_across_facebook/posts/media/150131opundetahakkason_968636276524015/968636676523975.jpg,assets/images/original/cfs-image-0037.jpg,assets/images/webp/cfs-image-0037.webp,ok,640,960,album_photo,150131オープンデータハッカソン,2016-02-25 18:09,150131オープンデータハッカソン,1
cfs-image-0038,data/facebook-export/this_profile's_activity_across_facebook/posts/media/150131opundetahakkason_968636276524015/968636703190639.jpg,assets/images/original/cfs-image-0038.jpg,assets/images/webp/cfs-image-0038.webp,ok,960,640,album_photo,150131オープンデータハッカソン,2016-02-25 18:09,150131オープンデータハッカソン,1
cfs-image-0039,data/facebook-export/this_profile's_activity_across_facebook/posts/media/150131opundetahakkason_968636276524015/968637423190567.jpg,assets/images/original/cfs-image-0039.jpg,assets/images/webp/cfs-image-0039.webp,ok,960,720,album_photo,150131オープンデータハッカソン,2016-02-25 18:13,150131オープンデータハッカソン,1
cfs-image-0040,data/facebook-export/this_profile's_activity_across_facebook/posts/media/150131opundetahakkason_968636276524015/968637426523900.jpg,assets/images/original/cfs-image-0040.jpg,assets/images/webp/cfs-image-0040.webp,ok,960,720,album_photo,150131オープンデータハッカソン,2016-02-25 18:13,150131オープンデータハッカソン,1
cfs-image-0041,data/facebook-export/this_profile's_activity_across_facebook/posts/media/150131opundetahakkason_968636276524015/968637506523892.jpg,assets/images/original/cfs-image-0041.jpg,assets/images/webp/cfs-image-0041.webp,ok,842,595,album_photo,150131オープンデータハッカソン,2016-02-25 18:14,150131オープンデータハッカソン,1
cfs-image-0042,data/facebook-export/this_profile's_activity_across_facebook/posts/media/kabaxiezhen_462389025920141/533512658807777.jpg,assets/images/original/cfs-image-0042.jpg,assets/images/webp/cfs-image-0042.webp,ok,1357,619,album_cover,カバー写真,2022-12-28 16:10,カバー写真,2
cfs-image-0043,data/facebook-export/this_profile's_activity_across_facebook/posts/media/mediajiezaijilu_968636966523946/968636969857279.jpg,assets/images/original/cfs-image-0043.jpg,assets/images/webp/cfs-image-0043.webp,ok,462,689,album_cover,メディア掲載記録,2016-02-25 18:11,メディア掲載記録,2
cfs-image-0044,data/facebook-export/this_profile's_activity_across_facebook/posts/media/mobairuappurodo_462389022586808/789973454390299.jpg,assets/images/original/cfs-image-0044.jpg,assets/images/webp/cfs-image-0044.webp,ok,540,960,album_photo,モバイルアップロード,2015-01-27 13:16,モバイルアップロード,2
cfs-image-0045,data/facebook-export/this_profile's_activity_across_facebook/posts/media/mobairuappurodo_462389022586808/789973467723631.jpg,assets/images/original/cfs-image-0045.jpg,assets/images/webp/cfs-image-0045.webp,ok,960,540,album_photo,モバイルアップロード,2015-01-27 13:16,モバイルアップロード,2
cfs-image-0046,data/facebook-export/this_profile's_activity_across_facebook/posts/media/mobairuappurodo_462389022586808/889061981148112.jpg,assets/images/original/cfs-image-0046.jpg,assets/images/webp/cfs-image-0046.webp,ok,960,720,album_photo,モバイルアップロード,2015-09-05 10:05,モバイルアップロード,2
cfs-image-0047,data/facebook-export/this_profile's_activity_across_facebook/posts/media/mobairuappurodo_462389022586808/900170956703881.jpg,assets/images/original/cfs-image-0047.jpg,assets/images/webp/cfs-image-0047.webp,ok,720,960,album_photo,モバイルアップロード,2015-09-27 01:21,モバイルアップロード,2
cfs-image-0048,data/facebook-export/this_profile's_activity_across_facebook/posts/media/mobairuappurodo_462389022586808/900170966703880.jpg,assets/images/original/cfs-image-0048.jpg,assets/images/webp/cfs-image-0048.webp,ok,720,960,album_cover,モバイルアップロード,2015-09-27 01:21,モバイルアップロード,3
cfs-image-0049,data/facebook-export/this_profile's_activity_across_facebook/posts/media/purofiruxiezhen_462389019253475/462389042586806.jpg,assets/images/original/cfs-image-0049.jpg,assets/images/webp/cfs-image-0049.webp,ok,1476,1476,album_cover,プロフィール写真,2022-09-27 22:09,プロフィール写真,3
cfs-image-0050,data/facebook-export/this_profile's_activity_across_facebook/posts/media/purofiruxiezhen_689243944463251/689249124462733.jpg,assets/images/original/cfs-image-0050.jpg,assets/images/webp/cfs-image-0050.webp,ok,842,842,profile_update,Code for SAITAMAさんがプロフィール写真を変更しました。,2014-06-30 01:04,プロフィール写真,1
cfs-image-0051,data/facebook-export/this_profile's_activity_across_facebook/posts/media/purofiruxiezhen_689243944463251/697852856935693.jpg,assets/images/original/cfs-image-0051.jpg,assets/images/webp/cfs-image-0051.webp,ok,1575,482,profile_update,Code for SAITAMAさんがプロフィール写真を変更しました。,2014-07-18 16:26,プロフィール写真,1
cfs-image-0052,data/facebook-export/this_profile's_activity_across_facebook/posts/media/purofiruxiezhen_689243944463251/697853316935647.jpg,assets/images/original/cfs-image-0052.jpg,assets/images/webp/cfs-image-0052.webp,ok,1800,1200,profile_update,Code for SAITAMAさんがプロフィール写真を変更しました。,2014-07-18 16:29,プロフィール写真,1
cfs-image-0053,data/facebook-export/this_profile's_activity_across_facebook/posts/media/purofiruxiezhen_689243944463251/697853526935626.jpg,assets/images/original/cfs-image-0053.jpg,assets/images/webp/cfs-image-0053.webp,ok,1800,1800,profile_update,Code for SAITAMAさんがプロフィール写真を変更しました。,2014-07-18 16:30,プロフィール写真,1
cfs-image-0054,data/facebook-export/this_profile's_activity_across_facebook/posts/media/purofiruxiezhen_689243944463251/697853766935602.jpg,assets/images/original/cfs-image-0054.jpg,assets/images/webp/cfs-image-0054.webp,ok,1476,1476,profile_update,Code for SAITAMAさんがプロフィール写真を変更しました。,2014-07-18 16:31,プロフィール写真,1
cfs-image-0055,data/facebook-export/this_profile's_activity_across_facebook/posts/media/xiezhen_462389012586809/688681521186160.jpg,assets/images/original/cfs-image-0055.jpg,assets/images/webp/cfs-image-0055.webp,ok,960,720,album_photo,写真,2014-06-28 21:01,写真,2
cfs-image-0056,data/facebook-export/this_profile's_activity_across_facebook/posts/media/xiezhen_462389012586809/689524277768551.jpg,assets/images/original/cfs-image-0056.jpg,assets/images/webp/cfs-image-0056.webp,ok,462,689,album_photo,写真,2014-06-30 15:44,写真,2
cfs-image-0057,data/facebook-export/this_profile's_activity_across_facebook/posts/media/xiezhen_462389012586809/880868580738848.jpg,assets/images/original/cfs-image-0057.jpg,assets/images/webp/cfs-image-0057.webp,ok,1152,2048,album_photo,写真,2024-07-03 15:40,写真,2
cfs-image-0058,data/facebook-export/this_profile's_activity_across_facebook/posts/media/xiezhen_462389012586809/880868584072181.jpg,assets/images/original/cfs-image-0058.jpg,assets/images/webp/cfs-image-0058.webp,ok,2048,1152,album_cover,写真,2024-07-03 15:40,写真,3
cfs-image-0059,data/facebook-export/this_profile's_activity_across_facebook/posts/media/xiezhen_462389012586809/916108918443418.jpg,assets/images/original/cfs-image-0059.jpg,assets/images/webp/cfs-image-0059.webp,ok,2048,1152,album_photo,写真,2015-11-08 08:56,写真,2
cfs-image-0060,data/facebook-export/this_profile's_activity_across_facebook/posts/media/xiezhen_462389012586809/916108948443415.jpg,assets/images/original/cfs-image-0060.jpg,assets/images/webp/cfs-image-0060.webp,ok,2048,1152,album_photo,写真,2015-11-08 08:56,写真,2
cfs-image-0061,data/facebook-export/this_profile's_activity_across_facebook/posts/media/xiezhen_462389012586809/916108971776746.jpg,assets/images/original/cfs-image-0061.jpg,assets/images/webp/cfs-image-0061.webp,ok,2048,1152,album_photo,写真,2015-11-08 08:56,写真,2
cfs-image-0062,data/facebook-export/this_profile's_activity_across_facebook/posts/media/xiezhen_462389012586809/916108991776744.jpg,assets/images/original/cfs-image-0062.jpg,assets/images/webp/cfs-image-0062.webp,ok,2048,1152,album_photo,写真,2015-11-08 08:56,写真,2
cfs-image-0063,data/facebook-export/this_profile's_activity_across_facebook/posts/media/your_posts/1012376282150014.jpg,assets/images/original/cfs-image-0063.jpg,assets/images/webp/cfs-image-0063.webp,ok,2048,1152,uncategorized_photo,未分類写真,2016-05-06 20:30,,1
cfs-image-0064,data/facebook-export/this_profile's_activity_across_facebook/posts/media/your_posts/1053088254745483.jpg,assets/images/original/cfs-image-0064.jpg,assets/images/webp/cfs-image-0064.webp,ok,842,595,uncategorized_photo,未分類写真,2016-07-09 23:24,,1
cfs-image-0065,data/facebook-export/this_profile's_activity_across_facebook/posts/media/your_posts/1053102821410693.jpg,assets/images/original/cfs-image-0065.jpg,assets/images/webp/cfs-image-0065.webp,ok,960,549,uncategorized_photo,未分類写真,2016-07-09 23:59,,1
cfs-image-0066,data/facebook-export/this_profile's_activity_across_facebook/posts/media/your_posts/1057025827685059.jpg,assets/images/original/cfs-image-0066.jpg,assets/images/webp/cfs-image-0066.webp,ok,960,540,uncategorized_photo,未分類写真,2016-07-16 10:32,RESASの講習会が始まりました。,1
cfs-image-0067,data/facebook-export/this_profile's_activity_across_facebook/posts/media/your_posts/1057126164341692.jpg,assets/images/original/cfs-image-0067.jpg,assets/images/webp/cfs-image-0067.webp,ok,960,540,uncategorized_photo,未分類写真,2016-07-16 14:56,アイデアソン実施中。関心事でチームを作ってます。,1
cfs-image-0068,data/facebook-export/this_profile's_activity_across_facebook/posts/media/your_posts/1057202767667365.jpg,assets/images/original/cfs-image-0068.jpg,assets/images/webp/cfs-image-0068.webp,ok,960,540,uncategorized_photo,未分類写真,2016-07-16 18:12,今回の集合写真です。,1
cfs-image-0069,data/facebook-export/this_profile's_activity_across_facebook/posts/media/your_posts/1057769794277329.jpg,assets/images/original/cfs-image-0069.jpg,assets/images/webp/cfs-image-0069.webp,ok,640,1408,uncategorized_photo,未分類写真,2016-07-17 15:17,,1
cfs-image-0070,data/facebook-export/this_profile's_activity_across_facebook/posts/media/your_posts/1057769810943994.jpg,assets/images/original/cfs-image-0070.jpg,assets/images/webp/cfs-image-0070.webp,ok,960,672,uncategorized_photo,未分類写真,2016-07-17 15:17,,1
cfs-image-0071,data/facebook-export/this_profile's_activity_across_facebook/posts/media/your_posts/1057769824277326.jpg,assets/images/original/cfs-image-0071.jpg,assets/images/webp/cfs-image-0071.webp,ok,960,672,uncategorized_photo,未分類写真,2016-07-17 15:17,,1
cfs-image-0072,data/facebook-export/this_profile's_activity_across_facebook/posts/media/your_posts/1057769847610657.jpg,assets/images/original/cfs-image-0072.jpg,assets/images/webp/cfs-image-0072.webp,ok,640,1426,uncategorized_photo,未分類写真,2016-07-17 15:17,,1
cfs-image-0073,data/facebook-export/this_profile's_activity_across_facebook/posts/media/your_posts/1058288910892084.jpg,assets/images/original/cfs-image-0073.jpg,assets/images/webp/cfs-image-0073.webp,ok,842,595,uncategorized_photo,未分類写真,2016-07-18 15:54,,1
cfs-image-0074,data/facebook-export/this_profile's_activity_across_facebook/posts/media/your_posts/1058289820891993.jpg,assets/images/original/cfs-image-0074.jpg,assets/images/webp/cfs-image-0074.webp,ok,960,549,uncategorized_photo,未分類写真,2016-07-18 15:56,,1
cfs-image-0075,data/facebook-export/this_profile's_activity_across_facebook/posts/media/your_posts/1059535057434136.jpg,assets/images/original/cfs-image-0075.jpg,assets/images/webp/cfs-image-0075.webp,ok,960,540,uncategorized_photo,未分類写真,2016-07-20 19:38,,1
cfs-image-0076,data/facebook-export/this_profile's_activity_across_facebook/posts/media/your_posts/1059535070767468.jpg,assets/images/original/cfs-image-0076.jpg,assets/images/webp/cfs-image-0076.webp,ok,960,540,uncategorized_photo,未分類写真,2016-07-20 19:38,,1
cfs-image-0077,data/facebook-export/this_profile's_activity_across_facebook/posts/media/your_posts/1059535087434133.jpg,assets/images/original/cfs-image-0077.jpg,assets/images/webp/cfs-image-0077.webp,ok,960,540,uncategorized_photo,未分類写真,2016-07-20 19:38,,1
cfs-image-0078,data/facebook-export/this_profile's_activity_across_facebook/posts/media/your_posts/1063803743673934.jpg,assets/images/original/cfs-image-0078.jpg,assets/images/webp/cfs-image-0078.webp,ok,2048,1055,uncategorized_photo,未分類写真,2016-07-27 20:12,,1
cfs-image-0079,data/facebook-export/this_profile's_activity_across_facebook/posts/media/your_posts/1065575380163437.jpg,assets/images/original/cfs-image-0079.jpg,assets/images/webp/cfs-image-0079.webp,ok,528,960,uncategorized_photo,未分類写真,2016-07-30 14:49,【フードデザートマップ#2】 赤の領域が65才以上の高齢者の住むフードデザートエリア。,1
cfs-image-0080,data/facebook-export/this_profile's_activity_across_facebook/posts/media/your_posts/1065583873495921.jpg,assets/images/original/cfs-image-0080.jpg,assets/images/webp/cfs-image-0080.webp,ok,528,960,uncategorized_photo,未分類写真,2016-07-30 15:02,【ナチュラルヒーリングマッブ#1】 ナチュラルヒーリングマッブのベースマップ。,1
cfs-image-0081,data/facebook-export/this_profile's_activity_across_facebook/posts/media/your_posts/1065672290153746.jpg,assets/images/original/cfs-image-0081.jpg,assets/images/webp/cfs-image-0081.webp,ok,960,540,uncategorized_photo,未分類写真,2016-07-30 19:26,本日の集合写真です。,1
cfs-image-0082,data/facebook-export/this_profile's_activity_across_facebook/posts/media/your_posts/1094575997263375.jpg,assets/images/original/cfs-image-0082.jpg,assets/images/webp/cfs-image-0082.webp,ok,842,595,uncategorized_photo,未分類写真,2016-09-07 12:07,,1
cfs-image-0083,data/facebook-export/this_profile's_activity_across_facebook/posts/media/your_posts/1094577570596551.jpg,assets/images/original/cfs-image-0083.jpg,assets/images/webp/cfs-image-0083.webp,ok,960,549,uncategorized_photo,未分類写真,2016-09-07 12:11,,1
cfs-image-0084,data/facebook-export/this_profile's_activity_across_facebook/posts/media/your_posts/1097164507004524.jpg,assets/images/original/cfs-image-0084.jpg,assets/images/webp/cfs-image-0084.webp,ok,960,540,uncategorized_photo,未分類写真,2016-09-10 17:44,,1
cfs-image-0085,data/facebook-export/this_profile's_activity_across_facebook/posts/media/your_posts/1097164573671184.jpg,assets/images/original/cfs-image-0085.jpg,assets/images/webp/cfs-image-0085.webp,ok,528,960,uncategorized_photo,未分類写真,2016-09-10 17:44,,1
cfs-image-0086,data/facebook-export/this_profile's_activity_across_facebook/posts/media/your_posts/1097165400337768.jpg,assets/images/original/cfs-image-0086.jpg,assets/images/webp/cfs-image-0086.webp,ok,528,960,uncategorized_photo,未分類写真,2016-09-10 17:46,【ナチュラルヒーリングマッブ#1】7月30日のハッカソンの成果から ナチュラルヒーリングマッブのベースマップはこのように。,1
cfs-image-0087,data/facebook-export/this_profile's_activity_across_facebook/posts/media/your_posts/1097224660331842.jpg,assets/images/original/cfs-image-0087.jpg,assets/images/webp/cfs-image-0087.webp,ok,842,595,uncategorized_photo,未分類写真,2016-09-10 19:47,,1
cfs-image-0088,data/facebook-export/this_profile's_activity_across_facebook/posts/media/your_posts/1097244100329898.jpg,assets/images/original/cfs-image-0088.jpg,assets/images/webp/cfs-image-0088.webp,ok,960,549,uncategorized_photo,未分類写真,2016-09-10 20:13,,1
cfs-image-0089,data/facebook-export/this_profile's_activity_across_facebook/posts/media/your_posts/1101142416606733.jpg,assets/images/original/cfs-image-0089.jpg,assets/images/webp/cfs-image-0089.webp,ok,960,540,uncategorized_photo,未分類写真,2016-09-15 18:58,,1
cfs-image-0090,data/facebook-export/this_profile's_activity_across_facebook/posts/media/your_posts/1101142429940065.jpg,assets/images/original/cfs-image-0090.jpg,assets/images/webp/cfs-image-0090.webp,ok,960,540,uncategorized_photo,未分類写真,2016-09-15 18:58,,1
cfs-image-0091,data/facebook-export/this_profile's_activity_across_facebook/posts/media/your_posts/1101199089934399.jpg,assets/images/original/cfs-image-0091.jpg,assets/images/webp/cfs-image-0091.webp,ok,960,540,uncategorized_photo,未分類写真,2016-09-15 21:07,,1
cfs-image-0092,data/facebook-export/this_profile's_activity_across_facebook/posts/media/your_posts/1101199106601064.jpg,assets/images/original/cfs-image-0092.jpg,assets/images/webp/cfs-image-0092.webp,ok,960,540,uncategorized_photo,未分類写真,2016-09-15 21:07,,1
cfs-image-0093,data/facebook-export/this_profile's_activity_across_facebook/posts/media/your_posts/1101199143267727.jpg,assets/images/original/cfs-image-0093.jpg,assets/images/webp/cfs-image-0093.webp,ok,960,540,uncategorized_photo,未分類写真,2016-09-15 21:07,,1
cfs-image-0094,data/facebook-export/this_profile's_activity_across_facebook/posts/media/your_posts/1101199239934384.jpg,assets/images/original/cfs-image-0094.jpg,assets/images/webp/cfs-image-0094.webp,ok,960,540,uncategorized_photo,未分類写真,2016-09-15 21:07,,1
cfs-image-0095,data/facebook-export/this_profile's_activity_across_facebook/posts/media/your_posts/1106164582771183.jpg,assets/images/original/cfs-image-0095.jpg,assets/images/webp/cfs-image-0095.webp,ok,960,540,uncategorized_photo,未分類写真,2016-09-22 16:00,開発時間は後1時間！ 各チーム、ラストスパート！,1
cfs-image-0096,data/facebook-export/this_profile's_activity_across_facebook/posts/media/your_posts/1106231799431128.jpg,assets/images/original/cfs-image-0096.jpg,assets/images/webp/cfs-image-0096.webp,ok,960,540,uncategorized_photo,未分類写真,2016-09-22 17:50,投票！,1
cfs-image-0097,data/facebook-export/this_profile's_activity_across_facebook/posts/media/your_posts/1106341639420144.jpg,assets/images/original/cfs-image-0097.jpg,assets/images/webp/cfs-image-0097.webp,ok,960,540,uncategorized_photo,未分類写真,2016-09-22 20:48,,1
cfs-image-0098,data/facebook-export/this_profile's_activity_across_facebook/posts/media/your_posts/1106341656086809.jpg,assets/images/original/cfs-image-0098.jpg,assets/images/webp/cfs-image-0098.webp,ok,960,540,uncategorized_photo,未分類写真,2016-09-22 20:48,,1
cfs-image-0099,data/facebook-export/this_profile's_activity_across_facebook/posts/media/your_posts/1177939422260365.jpg,assets/images/original/cfs-image-0099.jpg,assets/images/webp/cfs-image-0099.webp,ok,842,595,uncategorized_photo,未分類写真,2016-12-10 21:54,,1
cfs-image-0100,data/facebook-export/this_profile's_activity_across_facebook/posts/media/your_posts/1219597151427925.jpg,assets/images/original/cfs-image-0100.jpg,assets/images/webp/cfs-image-0100.webp,ok,540,960,uncategorized_photo,未分類写真,2017-01-11 22:04,忘れ物のようです,1
cfs-image-0101,data/facebook-export/this_profile's_activity_across_facebook/posts/media/your_posts/1230047753716198.jpg,assets/images/original/cfs-image-0101.jpg,assets/images/webp/cfs-image-0101.webp,ok,842,595,uncategorized_photo,未分類写真,2017-01-24 02:04,,1
cfs-image-0102,data/facebook-export/this_profile's_activity_across_facebook/posts/media/your_posts/1236631643057809.jpg,assets/images/original/cfs-image-0102.jpg,assets/images/webp/cfs-image-0102.webp,ok,842,595,uncategorized_photo,未分類写真,2017-01-30 17:03,,1
cfs-image-0103,data/facebook-export/this_profile's_activity_across_facebook/posts/media/your_posts/1237125709675069.jpg,assets/images/original/cfs-image-0103.jpg,assets/images/webp/cfs-image-0103.webp,ok,2048,1368,uncategorized_photo,未分類写真,2017-01-31 09:12,,1
cfs-image-0104,data/facebook-export/this_profile's_activity_across_facebook/posts/media/your_posts/1257891314265175.jpg,assets/images/original/cfs-image-0104.jpg,assets/images/webp/cfs-image-0104.webp,ok,842,595,uncategorized_photo,未分類写真,2017-02-23 20:22,,1
cfs-image-0105,data/facebook-export/this_profile's_activity_across_facebook/posts/media/your_posts/1262897160431257.jpg,assets/images/original/cfs-image-0105.jpg,assets/images/webp/cfs-image-0105.webp,ok,960,641,uncategorized_photo,未分類写真,2017-03-01 15:01,,1
cfs-image-0106,data/facebook-export/this_profile's_activity_across_facebook/posts/media/your_posts/1263746817012958.png,assets/images/original/cfs-image-0106.png,assets/images/webp/cfs-image-0106.webp,ok,1025,439,uncategorized_photo,未分類写真,2017-03-02 19:20,,1
cfs-image-0107,data/facebook-export/this_profile's_activity_across_facebook/posts/media/your_posts/1265183846869255.jpg,assets/images/original/cfs-image-0107.jpg,assets/images/webp/cfs-image-0107.webp,ok,1440,1080,uncategorized_photo,未分類写真,2017-03-04 15:43,ドローン画像を貼り付けたタイルを背景に記念撮影！ #OpenDataDay #オープンデータデイ,1
cfs-image-0108,data/facebook-export/this_profile's_activity_across_facebook/posts/media/your_posts/1265251810195792.jpg,assets/images/original/cfs-image-0108.jpg,assets/images/webp/cfs-image-0108.webp,ok,960,540,uncategorized_photo,未分類写真,2017-03-04 18:13,,1
cfs-image-0109,data/facebook-export/this_profile's_activity_across_facebook/posts/media/your_posts/1265251823529124.jpg,assets/images/original/cfs-image-0109.jpg,assets/images/webp/cfs-image-0109.webp,ok,960,540,uncategorized_photo,未分類写真,2017-03-04 18:13,,1
cfs-image-0110,data/facebook-export/this_profile's_activity_across_facebook/posts/media/your_posts/1265251830195790.jpg,assets/images/original/cfs-image-0110.jpg,assets/images/webp/cfs-image-0110.webp,ok,960,540,uncategorized_photo,未分類写真,2017-03-04 18:13,,1
cfs-image-0111,data/facebook-export/this_profile's_activity_across_facebook/posts/media/your_posts/1270419919678981.jpg,assets/images/original/cfs-image-0111.jpg,assets/images/webp/cfs-image-0111.webp,ok,842,595,uncategorized_photo,未分類写真,2017-03-10 14:37,,1
cfs-image-0112,data/facebook-export/this_profile's_activity_across_facebook/posts/media/your_posts/1273388132715493.jpg,assets/images/original/cfs-image-0112.jpg,assets/images/webp/cfs-image-0112.webp,ok,2048,1152,uncategorized_photo,未分類写真,2017-03-13 22:30,,1
cfs-image-0113,data/facebook-export/this_profile's_activity_across_facebook/posts/media/your_posts/1344433708944268.jpg,assets/images/original/cfs-image-0113.jpg,assets/images/webp/cfs-image-0113.webp,ok,1381,861,uncategorized_photo,未分類写真,2017-05-24 20:40,,1
cfs-image-0114,data/facebook-export/this_profile's_activity_across_facebook/posts/media/your_posts/1359779680743004.jpg,assets/images/original/cfs-image-0114.jpg,assets/images/webp/cfs-image-0114.webp,ok,842,595,uncategorized_photo,未分類写真,2017-06-09 17:25,,1
cfs-image-0115,data/facebook-export/this_profile's_activity_across_facebook/posts/media/your_posts/1399396203448018.jpg,assets/images/original/cfs-image-0115.jpg,assets/images/webp/cfs-image-0115.webp,ok,842,595,uncategorized_photo,未分類写真,2017-07-20 20:53,,1
cfs-image-0116,data/facebook-export/this_profile's_activity_across_facebook/posts/media/your_posts/1760921230628845.jpg,assets/images/original/cfs-image-0116.jpg,assets/images/webp/cfs-image-0116.webp,ok,1280,720,uncategorized_photo,未分類写真,2018-07-21 06:16,,1
cfs-image-0117,data/facebook-export/this_profile's_activity_across_facebook/posts/media/your_posts/1760944003959901.jpg,assets/images/original/cfs-image-0117.jpg,assets/images/webp/cfs-image-0117.webp,ok,1280,613,uncategorized_photo,未分類写真,2018-07-21 06:37,,1
cfs-image-0118,data/facebook-export/this_profile's_activity_across_facebook/posts/media/your_posts/1760962480624720.jpg,assets/images/original/cfs-image-0118.jpg,assets/images/webp/cfs-image-0118.webp,ok,960,540,uncategorized_photo,未分類写真,2018-07-21 06:55,,1
cfs-image-0119,data/facebook-export/this_profile's_activity_across_facebook/posts/media/your_posts/1761062427281392.jpg,assets/images/original/cfs-image-0119.jpg,assets/images/webp/cfs-image-0119.webp,ok,1357,751,uncategorized_photo,未分類写真,2018-07-21 08:44,,1
cfs-image-0120,data/facebook-export/this_profile's_activity_across_facebook/posts/media/your_posts/2064526210268344.jpg,assets/images/original/cfs-image-0120.jpg,assets/images/webp/cfs-image-0120.webp,ok,1909,839,uncategorized_photo,未分類写真,2019-02-25 00:28,,1
cfs-image-0121,data/facebook-export/this_profile's_activity_across_facebook/posts/media/your_posts/2068549963199302.jpg,assets/images/original/cfs-image-0121.jpg,assets/images/webp/cfs-image-0121.webp,ok,1909,839,uncategorized_photo,未分類写真,2019-02-27 18:20,,1
cfs-image-0122,data/facebook-export/this_profile's_activity_across_facebook/posts/media/your_posts/2073810852673213.jpg,assets/images/original/cfs-image-0122.jpg,assets/images/webp/cfs-image-0122.webp,ok,1440,1080,uncategorized_photo,未分類写真,2019-03-03 11:00,車いすマッピングパーティー始まりました。マッピングの方法を説明してます。車いすの利用者でもある傳田議員も参加されコメントをいただくことになってます。,1
cfs-image-0123,data/facebook-export/this_profile's_activity_across_facebook/posts/media/your_posts/2115374405183524.jpg,assets/images/original/cfs-image-0123.jpg,assets/images/webp/cfs-image-0123.webp,ok,842,595,uncategorized_photo,未分類写真,2019-04-02 13:01,,1
cfs-image-0124,data/facebook-export/this_profile's_activity_across_facebook/posts/media/your_posts/2122508267803471.jpg,assets/images/original/cfs-image-0124.jpg,assets/images/webp/cfs-image-0124.webp,ok,750,562,uncategorized_photo,未分類写真,2019-04-07 10:22,,1
cfs-image-0125,data/facebook-export/this_profile's_activity_across_facebook/posts/media/your_posts/2122508284470136.jpg,assets/images/original/cfs-image-0125.jpg,assets/images/webp/cfs-image-0125.webp,ok,720,960,uncategorized_photo,未分類写真,2019-04-07 10:22,,1
cfs-image-0126,data/facebook-export/this_profile's_activity_across_facebook/posts/media/your_posts/2122818454439119.jpg,assets/images/original/cfs-image-0126.jpg,assets/images/webp/cfs-image-0126.webp,ok,1024,1024,uncategorized_photo,未分類写真,2019-04-07 16:13,マッピングパーティースタートしました。,1
cfs-image-0127,data/facebook-export/this_profile's_activity_across_facebook/posts/media/your_posts/2122822421105389.jpg,assets/images/original/cfs-image-0127.jpg,assets/images/webp/cfs-image-0127.webp,ok,2048,1536,uncategorized_photo,未分類写真,2019-04-07 16:17,集合写真です。,1
cfs-image-0128,data/facebook-export/this_profile's_activity_across_facebook/posts/media/your_posts/2477188432335451.jpg,assets/images/original/cfs-image-0128.jpg,assets/images/webp/cfs-image-0128.webp,ok,720,960,uncategorized_photo,未分類写真,2019-10-30 19:33,,1
cfs-image-0129,data/facebook-export/this_profile's_activity_across_facebook/posts/media/your_posts/2477188482335446.jpg,assets/images/original/cfs-image-0129.jpg,assets/images/webp/cfs-image-0129.webp,ok,960,720,uncategorized_photo,未分類写真,2019-10-30 19:33,,1
cfs-image-0130,data/facebook-export/this_profile's_activity_across_facebook/posts/media/your_posts/2477188535668774.jpg,assets/images/original/cfs-image-0130.jpg,assets/images/webp/cfs-image-0130.webp,ok,960,720,uncategorized_photo,未分類写真,2019-10-30 19:33,,1
cfs-image-0131,data/facebook-export/this_profile's_activity_across_facebook/posts/media/your_posts/2477188585668769.jpg,assets/images/original/cfs-image-0131.jpg,assets/images/webp/cfs-image-0131.webp,ok,960,720,uncategorized_photo,未分類写真,2019-10-30 19:33,,1
cfs-image-0132,data/facebook-export/this_profile's_activity_across_facebook/posts/media/your_posts/2477188662335428.jpg,assets/images/original/cfs-image-0132.jpg,assets/images/webp/cfs-image-0132.webp,ok,960,720,uncategorized_photo,未分類写真,2019-10-30 19:33,,1
cfs-image-0133,data/facebook-export/this_profile's_activity_across_facebook/posts/media/your_posts/2477188699002091.jpg,assets/images/original/cfs-image-0133.jpg,assets/images/webp/cfs-image-0133.webp,ok,960,720,uncategorized_photo,未分類写真,2019-10-30 19:33,,1
cfs-image-0134,data/facebook-export/this_profile's_activity_across_facebook/posts/media/your_posts/2477188742335420.jpg,assets/images/original/cfs-image-0134.jpg,assets/images/webp/cfs-image-0134.webp,ok,720,960,uncategorized_photo,未分類写真,2019-10-30 19:33,,1
cfs-image-0135,data/facebook-export/this_profile's_activity_across_facebook/posts/media/your_posts/2644335638954062.jpg,assets/images/original/cfs-image-0135.jpg,assets/images/webp/cfs-image-0135.webp,ok,842,595,uncategorized_photo,未分類写真,2020-01-17 22:21,,1
cfs-image-0136,data/facebook-export/this_profile's_activity_across_facebook/posts/media/your_posts/2667269096660716.jpg,assets/images/original/cfs-image-0136.jpg,assets/images/webp/cfs-image-0136.webp,ok,1440,810,uncategorized_photo,未分類写真,2020-01-29 18:25,南ラウンジのDスペース確保しました！,1
cfs-image-0137,data/facebook-export/this_profile's_activity_across_facebook/posts/media/your_posts/2677225878998371.jpg,assets/images/original/cfs-image-0137.jpg,assets/images/webp/cfs-image-0137.webp,ok,842,595,uncategorized_photo,未分類写真,2020-02-03 18:26,,1
cfs-image-0138,data/facebook-export/this_profile's_activity_across_facebook/posts/media/your_posts/2707142432673382.png,assets/images/original/cfs-image-0138.png,assets/images/webp/cfs-image-0138.webp,ok,1025,439,uncategorized_photo,未分類写真,2020-02-18 12:20,,1
cfs-image-0139,data/facebook-export/this_profile's_activity_across_facebook/posts/media/your_posts/2708888099165482.jpg,assets/images/original/cfs-image-0139.jpg,assets/images/webp/cfs-image-0139.webp,ok,960,411,uncategorized_photo,未分類写真,2020-02-19 09:47,,1
cfs-image-0140,data/facebook-export/this_profile's_activity_across_facebook/posts/media/your_posts/2709834575737501.jpg,assets/images/original/cfs-image-0140.jpg,assets/images/webp/cfs-image-0140.webp,ok,960,540,uncategorized_photo,未分類写真,2020-02-19 21:59,,1
cfs-image-0141,data/facebook-export/this_profile's_activity_across_facebook/posts/media/your_posts/2709834625737496.jpg,assets/images/original/cfs-image-0141.jpg,assets/images/webp/cfs-image-0141.webp,ok,960,540,uncategorized_photo,未分類写真,2020-02-19 21:59,,1
cfs-image-0142,data/facebook-export/this_profile's_activity_across_facebook/posts/media/your_posts/2816502681737356.jpg,assets/images/original/cfs-image-0142.jpg,assets/images/webp/cfs-image-0142.webp,ok,2048,1536,uncategorized_photo,未分類写真,2020-04-10 15:32,,1
cfs-image-0143,data/facebook-export/this_profile's_activity_across_facebook/posts/media/your_posts/2923786527675637.jpg,assets/images/original/cfs-image-0143.jpg,assets/images/webp/cfs-image-0143.webp,ok,842,595,uncategorized_photo,未分類写真,2020-05-26 11:00,,1
cfs-image-0144,data/facebook-export/this_profile's_activity_across_facebook/posts/media/your_posts/2980624661991823.jpg,assets/images/original/cfs-image-0144.jpg,assets/images/webp/cfs-image-0144.webp,ok,842,595,uncategorized_photo,未分類写真,2020-06-18 09:55,,1
cfs-image-0145,data/facebook-export/this_profile's_activity_across_facebook/posts/media/your_posts/3031745843546371.jpg,assets/images/original/cfs-image-0145.jpg,assets/images/webp/cfs-image-0145.webp,ok,842,595,uncategorized_photo,未分類写真,2020-07-07 14:44,,1
cfs-image-0146,data/facebook-export/this_profile's_activity_across_facebook/posts/media/your_posts/3032009053520050.jpg,assets/images/original/cfs-image-0146.jpg,assets/images/webp/cfs-image-0146.webp,ok,1276,1276,uncategorized_photo,未分類写真,2020-07-07 17:20,,1
cfs-image-0147,data/facebook-export/this_profile's_activity_across_facebook/posts/media/your_posts/3032010406853248.jpg,assets/images/original/cfs-image-0147.jpg,assets/images/webp/cfs-image-0147.webp,ok,638,638,uncategorized_photo,未分類写真,2020-07-07 17:20,,1
cfs-image-0148,data/facebook-export/this_profile's_activity_across_facebook/posts/media/your_posts/3032022540185368.jpg,assets/images/original/cfs-image-0148.jpg,assets/images/webp/cfs-image-0148.webp,ok,1191,842,uncategorized_photo,未分類写真,2020-07-07 17:28,,1
cfs-image-0149,data/facebook-export/this_profile's_activity_across_facebook/posts/media/your_posts/3032065823514373.jpg,assets/images/original/cfs-image-0149.jpg,assets/images/webp/cfs-image-0149.webp,ok,1057,713,uncategorized_photo,未分類写真,2020-07-07 17:43,SDGs的に捉えた長期計画の事例 品川区長期基本計画より： https://www.city.shinagawa.tokyo.jp/PC/kuseizyoho/kuseizyoho-siryo/kuseizyoho-siryo-zaisei/kuseizyoho-siryo-zaisei-plan/cho-keisakutei/index.html?fbc…,1
cfs-image-0150,data/facebook-export/this_profile's_activity_across_facebook/posts/media/your_posts/3033654890022133.jpg,assets/images/original/cfs-image-0150.jpg,assets/images/webp/cfs-image-0150.webp,ok,960,678,uncategorized_photo,未分類写真,2020-07-08 07:26,,1
cfs-image-0151,data/facebook-export/this_profile's_activity_across_facebook/posts/media/your_posts/3033658050021817.jpg,assets/images/original/cfs-image-0151.jpg,assets/images/webp/cfs-image-0151.webp,ok,960,678,uncategorized_photo,未分類写真,2020-07-08 07:28,,1
cfs-image-0152,data/facebook-export/this_profile's_activity_across_facebook/posts/media/your_posts/3033661726688116.jpg,assets/images/original/cfs-image-0152.jpg,assets/images/webp/cfs-image-0152.webp,ok,960,678,uncategorized_photo,未分類写真,2020-07-08 07:29,,1
cfs-image-0153,data/facebook-export/this_profile's_activity_across_facebook/posts/media/your_posts/3036600889727533.jpg,assets/images/original/cfs-image-0153.jpg,assets/images/webp/cfs-image-0153.webp,ok,1228,889,uncategorized_photo,未分類写真,2020-07-09 10:29,,1
cfs-image-0154,data/facebook-export/this_profile's_activity_across_facebook/posts/media/your_posts/3037800149607607.jpg,assets/images/original/cfs-image-0154.jpg,assets/images/webp/cfs-image-0154.webp,ok,960,678,uncategorized_photo,未分類写真,2020-07-09 21:58,,1
cfs-image-0155,data/facebook-export/this_profile's_activity_across_facebook/posts/media/your_posts/3041945562526399.jpg,assets/images/original/cfs-image-0155.jpg,assets/images/webp/cfs-image-0155.webp,ok,2048,1213,uncategorized_photo,未分類写真,2020-07-11 17:21,,1
cfs-image-0156,data/facebook-export/this_profile's_activity_across_facebook/posts/media/your_posts/3042396569147965.png,assets/images/original/cfs-image-0156.png,assets/images/webp/cfs-image-0156.webp,ok,1553,611,uncategorized_photo,未分類写真,2020-07-11 21:33,,1
cfs-image-0157,data/facebook-export/this_profile's_activity_across_facebook/posts/media/your_posts/3042397002481255.jpg,assets/images/original/cfs-image-0157.jpg,assets/images/webp/cfs-image-0157.webp,ok,2048,1426,uncategorized_photo,未分類写真,2020-07-11 21:33,,1
cfs-image-0158,data/facebook-export/this_profile's_activity_across_facebook/posts/media/your_posts/3102777333109888.jpg,assets/images/original/cfs-image-0158.jpg,assets/images/webp/cfs-image-0158.webp,ok,960,678,uncategorized_photo,未分類写真,2020-07-31 09:58,,1
cfs-image-0159,data/facebook-export/this_profile's_activity_across_facebook/posts/media/your_posts/3103251183062503.png,assets/images/original/cfs-image-0159.png,assets/images/webp/cfs-image-0159.webp,ok,1553,611,uncategorized_photo,未分類写真,2020-07-31 13:12,,1
cfs-image-0160,data/facebook-export/this_profile's_activity_across_facebook/posts/media/your_posts/3107112489343039.jpg,assets/images/original/cfs-image-0160.jpg,assets/images/webp/cfs-image-0160.webp,ok,1920,1080,uncategorized_photo,未分類写真,2020-08-01 19:04,1日目終了しました。,1
cfs-image-0161,data/facebook-export/this_profile's_activity_across_facebook/posts/media/your_posts/3491957447525206.jpg,assets/images/original/cfs-image-0161.jpg,assets/images/webp/cfs-image-0161.webp,ok,2048,1152,uncategorized_photo,未分類写真,2020-12-14 18:14,,1
cfs-image-0162,data/facebook-export/this_profile's_activity_across_facebook/posts/media/your_posts/3697568926964056.jpg,assets/images/original/cfs-image-0162.jpg,assets/images/webp/cfs-image-0162.webp,ok,960,411,uncategorized_photo,未分類写真,2021-03-03 00:55,,1
cfs-image-0163,data/facebook-export/this_profile's_activity_across_facebook/posts/media/your_posts/4297278003659809.jpg,assets/images/original/cfs-image-0163.jpg,assets/images/webp/cfs-image-0163.webp,ok,842,595,uncategorized_photo,未分類写真,2021-09-26 11:11,,1
cfs-image-0164,data/facebook-export/this_profile's_activity_across_facebook/posts/media/your_posts/4427079744012967.jpg,assets/images/original/cfs-image-0164.jpg,assets/images/webp/cfs-image-0164.webp,ok,1467,1000,uncategorized_photo,未分類写真,2021-11-07 20:04,,1
cfs-image-0165,data/facebook-export/this_profile's_activity_across_facebook/posts/media/your_posts/4436067206447554.png,assets/images/original/cfs-image-0165.png,assets/images/webp/cfs-image-0165.webp,ok,1422,800,uncategorized_photo,未分類写真,2021-11-10 19:31,昨日はお集まりいただきありがとうございました。 久しぶりの方、初めての方、遠方から参加の方と、近況や最近のトピックなど語り合いました。 マッピング以外にも、デジタルアーカイブのこととか、埼玉では5374まありやってないねとか、様々な話題になりました。ここからアーバンデータチャレンジ応募につながる物が出てこればいいなと埼玉拠点リーダーとしては思います♪ なか…,1
cfs-image-0166,data/facebook-export/this_profile's_activity_across_facebook/posts/media/your_posts/4509624779091796.jpg,assets/images/original/cfs-image-0166.jpg,assets/images/webp/cfs-image-0166.webp,ok,842,595,uncategorized_photo,未分類写真,2021-12-03 14:49,,1
cfs-image-0167,data/facebook-export/this_profile's_activity_across_facebook/posts/media/your_posts/4592821947438745.jpg,assets/images/original/cfs-image-0167.jpg,assets/images/webp/cfs-image-0167.webp,ok,1467,1000,uncategorized_photo,未分類写真,2021-12-25 08:58,,1
cfs-image-0168,data/facebook-export/this_profile's_activity_across_facebook/posts/media/your_posts/465215038970873.jpg,assets/images/original/cfs-image-0168.jpg,assets/images/webp/cfs-image-0168.webp,ok,1000,522,uncategorized_photo,未分類写真,2022-10-01 09:32,,1
cfs-image-0169,data/facebook-export/this_profile's_activity_across_facebook/posts/media/your_posts/738295322891446.jpg,assets/images/original/cfs-image-0169.jpg,assets/images/webp/cfs-image-0169.webp,ok,960,960,uncategorized_photo,未分類写真,2014-10-18 09:39,おはようございます。浦和駅改札出たところでお待ちしております。（太田）,1
cfs-image-0170,data/facebook-export/this_profile's_activity_across_facebook/posts/media/your_posts/782159345171710.jpg,assets/images/original/cfs-image-0170.jpg,assets/images/webp/cfs-image-0170.webp,ok,960,720,uncategorized_photo,未分類写真,2015-01-08 11:53,,1
cfs-image-0171,data/facebook-export/this_profile's_activity_across_facebook/posts/media/your_posts/782236348497343.jpg,assets/images/original/cfs-image-0171.jpg,assets/images/webp/cfs-image-0171.webp,ok,842,595,uncategorized_photo,未分類写真,2015-01-08 16:56,■主旨 近年、注目されている「オープンデータ」は「眠れる情報資産」と言われ、 全国自治体が情報の公開をはじめており、民間活用事例も数多く生まれています。 2013年6月には『新たなＩＴ戦略』として「オープンデータの利活用促進」が閣議決定され、 全国各地でオープンデータの利活用が行われつつあります。 1/16のアイデアソンでは、 全国でも積極的にオープンデー…,1
cfs-image-0172,data/facebook-export/this_profile's_activity_across_facebook/posts/media/your_posts/785887174798927.jpg,assets/images/original/cfs-image-0172.jpg,assets/images/webp/cfs-image-0172.webp,ok,842,595,uncategorized_photo,未分類写真,2015-01-17 15:48,,1
cfs-image-0173,data/facebook-export/this_profile's_activity_across_facebook/posts/media/your_posts/790398197681158.jpg,assets/images/original/cfs-image-0173.jpg,assets/images/webp/cfs-image-0173.webp,ok,2048,1448,uncategorized_photo,未分類写真,2015-01-28 14:46,,1
cfs-image-0174,data/facebook-export/this_profile's_activity_across_facebook/posts/media/your_posts/790398201014491.jpg,assets/images/original/cfs-image-0174.jpg,assets/images/webp/cfs-image-0174.webp,ok,2048,1448,uncategorized_photo,未分類写真,2015-01-28 14:46,,1
cfs-image-0175,data/facebook-export/this_profile's_activity_across_facebook/posts/media/your_posts/790398204347824.jpg,assets/images/original/cfs-image-0175.jpg,assets/images/webp/cfs-image-0175.webp,ok,2048,1448,uncategorized_photo,未分類写真,2015-01-28 14:46,,1
cfs-image-0176,data/facebook-export/this_profile's_activity_across_facebook/posts/media/your_posts/790398211014490.jpg,assets/images/original/cfs-image-0176.jpg,assets/images/webp/cfs-image-0176.webp,ok,2048,1448,uncategorized_photo,未分類写真,2015-01-28 14:46,,1
cfs-image-0177,data/facebook-export/this_profile's_activity_across_facebook/posts/media/your_posts/790398224347822.jpg,assets/images/original/cfs-image-0177.jpg,assets/images/webp/cfs-image-0177.webp,ok,2048,1448,uncategorized_photo,未分類写真,2015-01-28 14:46,,1
cfs-image-0178,data/facebook-export/this_profile's_activity_across_facebook/posts/media/your_posts/791584287562549.jpg,assets/images/original/cfs-image-0178.jpg,assets/images/webp/cfs-image-0178.webp,ok,960,720,uncategorized_photo,未分類写真,2015-01-31 15:04,,1
cfs-image-0179,data/facebook-export/this_profile's_activity_across_facebook/posts/media/your_posts/791584304229214.jpg,assets/images/original/cfs-image-0179.jpg,assets/images/webp/cfs-image-0179.webp,ok,960,720,uncategorized_photo,未分類写真,2015-01-31 15:04,,1
cfs-image-0180,data/facebook-export/this_profile's_activity_across_facebook/posts/media/your_posts/791584327562545.jpg,assets/images/original/cfs-image-0180.jpg,assets/images/webp/cfs-image-0180.webp,ok,960,720,uncategorized_photo,未分類写真,2015-01-31 15:04,,1
cfs-image-0181,data/facebook-export/this_profile's_activity_across_facebook/posts/media/your_posts/791584347562543.jpg,assets/images/original/cfs-image-0181.jpg,assets/images/webp/cfs-image-0181.webp,ok,960,720,uncategorized_photo,未分類写真,2015-01-31 15:04,,1
cfs-image-0182,data/facebook-export/this_profile's_activity_across_facebook/posts/media/your_posts/791584377562540.jpg,assets/images/original/cfs-image-0182.jpg,assets/images/webp/cfs-image-0182.webp,ok,720,960,uncategorized_photo,未分類写真,2015-01-31 15:04,,1
cfs-image-0183,data/facebook-export/this_profile's_activity_across_facebook/posts/media/your_posts/791595690894742.jpg,assets/images/original/cfs-image-0183.jpg,assets/images/webp/cfs-image-0183.webp,ok,960,720,uncategorized_photo,未分類写真,2015-01-31 16:11,,1
cfs-image-0184,data/facebook-export/this_profile's_activity_across_facebook/posts/media/your_posts/791595707561407.jpg,assets/images/original/cfs-image-0184.jpg,assets/images/webp/cfs-image-0184.webp,ok,960,720,uncategorized_photo,未分類写真,2015-01-31 16:11,,1
cfs-image-0185,data/facebook-export/this_profile's_activity_across_facebook/posts/media/your_posts/791595727561405.jpg,assets/images/original/cfs-image-0185.jpg,assets/images/webp/cfs-image-0185.webp,ok,720,960,uncategorized_photo,未分類写真,2015-01-31 16:11,,1
cfs-image-0186,data/facebook-export/this_profile's_activity_across_facebook/posts/media/your_posts/791595744228070.jpg,assets/images/original/cfs-image-0186.jpg,assets/images/webp/cfs-image-0186.webp,ok,960,720,uncategorized_photo,未分類写真,2015-01-31 16:11,,1
cfs-image-0187,data/facebook-export/this_profile's_activity_across_facebook/posts/media/your_posts/791595764228068.jpg,assets/images/original/cfs-image-0187.jpg,assets/images/webp/cfs-image-0187.webp,ok,960,720,uncategorized_photo,未分類写真,2015-01-31 16:11,,1
cfs-image-0188,data/facebook-export/this_profile's_activity_across_facebook/posts/media/your_posts/799649420089369.jpg,assets/images/original/cfs-image-0188.jpg,assets/images/webp/cfs-image-0188.webp,ok,960,720,uncategorized_photo,未分類写真,2015-02-19 16:27,,1
cfs-image-0189,data/facebook-export/this_profile's_activity_across_facebook/posts/media/your_posts/800412340013077.jpg,assets/images/original/cfs-image-0189.jpg,assets/images/webp/cfs-image-0189.webp,ok,960,720,uncategorized_photo,未分類写真,2015-02-21 13:31,QGISを使って和光市のオープンデータを見ています,1
cfs-image-0190,data/facebook-export/this_profile's_activity_across_facebook/posts/media/your_posts/800458490008462.jpg,assets/images/original/cfs-image-0190.jpg,assets/images/webp/cfs-image-0190.webp,ok,960,720,uncategorized_photo,未分類写真,2015-02-21 17:11,,1
cfs-image-0191,data/facebook-export/this_profile's_activity_across_facebook/posts/media/your_posts/800458513341793.jpg,assets/images/original/cfs-image-0191.jpg,assets/images/webp/cfs-image-0191.webp,ok,2048,1536,uncategorized_photo,未分類写真,2015-02-21 17:12,,1
cfs-image-0192,data/facebook-export/this_profile's_activity_across_facebook/posts/media/your_posts/800458536675124.jpg,assets/images/original/cfs-image-0192.jpg,assets/images/webp/cfs-image-0192.webp,ok,1632,1224,uncategorized_photo,未分類写真,2015-02-21 17:12,,1
cfs-image-0193,data/facebook-export/this_profile's_activity_across_facebook/posts/media/your_posts/800458546675123.jpg,assets/images/original/cfs-image-0193.jpg,assets/images/webp/cfs-image-0193.webp,ok,1632,1224,uncategorized_photo,未分類写真,2015-02-21 17:12,,1
cfs-image-0194,data/facebook-export/this_profile's_activity_across_facebook/posts/media/your_posts/812820018772309.jpg,assets/images/original/cfs-image-0194.jpg,assets/images/webp/cfs-image-0194.webp,ok,2048,1536,uncategorized_photo,未分類写真,2015-03-21 09:43,,1
cfs-image-0195,data/facebook-export/this_profile's_activity_across_facebook/posts/media/your_posts/813794108674900.jpg,assets/images/original/cfs-image-0195.jpg,assets/images/webp/cfs-image-0195.webp,ok,2048,1361,uncategorized_photo,未分類写真,2015-03-23 20:25,,1
cfs-image-0196,data/facebook-export/this_profile's_activity_across_facebook/posts/media/your_posts/818795411508103.jpg,assets/images/original/cfs-image-0196.jpg,assets/images/webp/cfs-image-0196.webp,ok,540,960,uncategorized_photo,未分類写真,2015-04-04 10:41,,1
cfs-image-0197,data/facebook-export/this_profile's_activity_across_facebook/posts/media/your_posts/818828994838078.jpg,assets/images/original/cfs-image-0197.jpg,assets/images/webp/cfs-image-0197.webp,ok,960,720,uncategorized_photo,未分類写真,2015-04-04 12:59,,1
cfs-image-0198,data/facebook-export/this_profile's_activity_across_facebook/posts/media/your_posts/818829008171410.jpg,assets/images/original/cfs-image-0198.jpg,assets/images/webp/cfs-image-0198.webp,ok,960,720,uncategorized_photo,未分類写真,2015-04-04 12:59,,1
cfs-image-0199,data/facebook-export/this_profile's_activity_across_facebook/posts/media/your_posts/818829028171408.jpg,assets/images/original/cfs-image-0199.jpg,assets/images/webp/cfs-image-0199.webp,ok,720,960,uncategorized_photo,未分類写真,2015-04-04 12:59,,1
cfs-image-0200,data/facebook-export/this_profile's_activity_across_facebook/posts/media/your_posts/822128991174745.jpg,assets/images/original/cfs-image-0200.jpg,assets/images/webp/cfs-image-0200.webp,ok,960,720,uncategorized_photo,未分類写真,2015-04-11 12:43,会場は3階の第4セミナールームですが、12:50開場ですので、1階の区役所コーナー前におります。,1
cfs-image-0201,data/facebook-export/this_profile's_activity_across_facebook/posts/media/your_posts/861008563953454.jpg,assets/images/original/cfs-image-0201.jpg,assets/images/webp/cfs-image-0201.webp,ok,640,480,uncategorized_photo,未分類写真,2015-07-06 00:40,,1
cfs-image-0202,data/facebook-export/this_profile's_activity_across_facebook/posts/media/your_posts/866396233414687.jpg,assets/images/original/cfs-image-0202.jpg,assets/images/webp/cfs-image-0202.webp,ok,960,720,uncategorized_photo,未分類写真,2015-07-18 08:48,,1
cfs-image-0203,data/facebook-export/this_profile's_activity_across_facebook/posts/media/your_posts/866396236748020.jpg,assets/images/original/cfs-image-0203.jpg,assets/images/webp/cfs-image-0203.webp,ok,960,720,uncategorized_photo,未分類写真,2015-07-18 08:48,,1
cfs-image-0204,data/facebook-export/this_profile's_activity_across_facebook/posts/media/your_posts/866396260081351.jpg,assets/images/original/cfs-image-0204.jpg,assets/images/webp/cfs-image-0204.webp,ok,960,720,uncategorized_photo,未分類写真,2015-07-18 08:48,,1
cfs-image-0205,data/facebook-export/this_profile's_activity_across_facebook/posts/media/your_posts/866396263414684.jpg,assets/images/original/cfs-image-0205.jpg,assets/images/webp/cfs-image-0205.webp,ok,720,960,uncategorized_photo,未分類写真,2015-07-18 08:48,,1
cfs-image-0206,data/facebook-export/this_profile's_activity_across_facebook/posts/media/your_posts/866396296748014.jpg,assets/images/original/cfs-image-0206.jpg,assets/images/webp/cfs-image-0206.webp,ok,720,960,uncategorized_photo,未分類写真,2015-07-18 08:48,,1
cfs-image-0207,data/facebook-export/this_profile's_activity_across_facebook/posts/media/your_posts/866397766747867.jpg,assets/images/original/cfs-image-0207.jpg,assets/images/webp/cfs-image-0207.webp,ok,720,960,uncategorized_photo,未分類写真,2015-07-18 08:56,,1
cfs-image-0208,data/facebook-export/this_profile's_activity_across_facebook/posts/media/your_posts/879684765419167.jpg,assets/images/original/cfs-image-0208.jpg,assets/images/webp/cfs-image-0208.webp,ok,960,540,uncategorized_photo,未分類写真,2015-08-15 15:49,,1
cfs-image-0209,data/facebook-export/this_profile's_activity_across_facebook/posts/media/your_posts/899020110152299.jpg,assets/images/original/cfs-image-0209.jpg,assets/images/webp/cfs-image-0209.webp,ok,960,540,uncategorized_photo,未分類写真,2015-09-23 23:01,,1
cfs-image-0210,data/facebook-export/this_profile's_activity_across_facebook/posts/media/your_posts/912859885434988.jpg,assets/images/original/cfs-image-0210.jpg,assets/images/webp/cfs-image-0210.webp,ok,1200,800,uncategorized_photo,未分類写真,2015-10-30 20:40,,1
cfs-image-0211,data/facebook-export/this_profile's_activity_across_facebook/posts/media/your_posts/926334567420853.jpg,assets/images/original/cfs-image-0211.jpg,assets/images/webp/cfs-image-0211.webp,ok,1920,1440,uncategorized_photo,未分類写真,2015-12-04 14:14,,1
cfs-image-0212,data/facebook-export/this_profile's_activity_across_facebook/posts/media/your_posts/929464630441180.jpg,assets/images/original/cfs-image-0212.jpg,assets/images/webp/cfs-image-0212.webp,ok,960,720,uncategorized_photo,未分類写真,2015-12-12 10:08,第2回オープンデータアイデアソン開始です。午前中はインプットワークです。,1
cfs-image-0213,data/facebook-export/this_profile's_activity_across_facebook/posts/media/your_posts/929525927101717.jpg,assets/images/original/cfs-image-0213.jpg,assets/images/webp/cfs-image-0213.webp,ok,960,720,uncategorized_photo,未分類写真,2015-12-12 14:30,介護、子育て、観光などのアイディアを個々で出しアイディアシートを書きました。みんなで見て回って星マークをつけています。,1
cfs-image-0214,data/facebook-export/this_profile's_activity_across_facebook/posts/media/your_posts/929659820421661.jpg,assets/images/original/cfs-image-0214.jpg,assets/images/webp/cfs-image-0214.webp,ok,2048,1368,uncategorized_photo,未分類写真,2015-12-12 21:58,みなさま、本日はご参加ありがとうございました！ 取り急ぎ、本日のアイデアシート、コンセプトシートを以下のリンクにアップロードしました。 https://www.dropbox.com/sh/k50amym6wz2tvk5/AAD1DoMivnP5HEPhtkOtXCJpa?dl=0,1
cfs-image-0215,data/facebook-export/this_profile's_activity_across_facebook/posts/media/your_posts/936231813097795.jpg,assets/images/original/cfs-image-0215.jpg,assets/images/webp/cfs-image-0215.webp,ok,842,595,uncategorized_photo,未分類写真,2015-12-26 16:55,,1
cfs-image-0216,data/facebook-export/this_profile's_activity_across_facebook/posts/media/your_posts/946314395422870.jpg,assets/images/original/cfs-image-0216.jpg,assets/images/webp/cfs-image-0216.webp,ok,960,720,uncategorized_photo,未分類写真,2016-01-16 11:09,みなさまおはようございます。 会場は10階ですが、その下の9階、市民活動サポートセンターのラウンジを抑えました。飲食できるテーブルです。,1
cfs-image-0217,data/facebook-export/this_profile's_activity_across_facebook/posts/media/your_posts/946328735421436.jpg,assets/images/original/cfs-image-0217.jpg,assets/images/webp/cfs-image-0217.webp,ok,2048,1536,uncategorized_photo,未分類写真,2016-01-16 11:55,,1
cfs-image-0218,data/facebook-export/this_profile's_activity_across_facebook/posts/media/your_posts/946358102085166.jpg,assets/images/original/cfs-image-0218.jpg,assets/images/webp/cfs-image-0218.webp,ok,960,720,uncategorized_photo,未分類写真,2016-01-16 13:33,第6集会室で始まりました！,1
cfs-image-0219,data/facebook-export/this_profile's_activity_across_facebook/posts/media/your_posts/964762800244696.jpg,assets/images/original/cfs-image-0219.jpg,assets/images/webp/cfs-image-0219.webp,ok,842,595,uncategorized_photo,未分類写真,2016-02-18 12:29,,1
cfs-image-0220,data/facebook-export/this_profile's_activity_across_facebook/posts/media/your_posts/973440022710307.jpg,assets/images/original/cfs-image-0220.jpg,assets/images/webp/cfs-image-0220.webp,ok,960,528,uncategorized_photo,未分類写真,2016-03-05 13:28,,1
cfs-image-0221,data/facebook-export/this_profile's_activity_across_facebook/posts/media/your_posts/973440036043639.jpg,assets/images/original/cfs-image-0221.jpg,assets/images/webp/cfs-image-0221.webp,ok,960,528,uncategorized_photo,未分類写真,2016-03-05 13:28,,1
cfs-image-0222,data/facebook-export/this_profile's_activity_across_facebook/posts/media/your_posts/973615602692749.jpg,assets/images/original/cfs-image-0222.jpg,assets/images/webp/cfs-image-0222.webp,ok,960,540,uncategorized_photo,未分類写真,2016-03-05 17:22,オープンデータデイ無事終了です。スタッフはこれからバスで大宮のコワーキングスペース7Fと6Fに向かいます～,1
cfs-image-0223,data/facebook-export/this_profile's_activity_across_facebook/posts/media/your_posts/989661604421482.jpg,assets/images/original/cfs-image-0223.jpg,assets/images/webp/cfs-image-0223.webp,ok,842,595,uncategorized_photo,未分類写真,2016-03-29 11:28,,1
cfs-image-0224,data/facebook-export/this_profile's_activity_across_facebook/posts/media/your_posts/989706707750305.png,assets/images/original/cfs-image-0224.png,assets/images/webp/cfs-image-0224.webp,ok,2000,569,uncategorized_photo,未分類写真,2016-03-29 12:59,,1
cfs-image-0225,data/facebook-export/this_profile's_activity_across_facebook/posts/media/your_posts/993909877329988.jpg,assets/images/original/cfs-image-0225.jpg,assets/images/webp/cfs-image-0225.webp,ok,960,528,uncategorized_photo,未分類写真,2016-04-03 11:11,お休み処で概要説明中,1
cfs-image-0226,data/facebook-export/this_profile's_activity_across_facebook/posts/media/your_posts/994077717313204.jpg,assets/images/original/cfs-image-0226.jpg,assets/images/webp/cfs-image-0226.webp,ok,1072,1440,uncategorized_photo,未分類写真,2016-04-03 17:52,,1
cfs-image-0227,data/facebook-export/this_profile's_activity_across_facebook/posts/media/your_posts/994077730646536.jpg,assets/images/original/cfs-image-0227.jpg,assets/images/webp/cfs-image-0227.webp,ok,960,528,uncategorized_photo,未分類写真,2016-04-03 17:52,,1
cfs-image-0228,data/facebook-export/this_profile's_activity_across_facebook/posts/media/your_posts/994077747313201.jpg,assets/images/original/cfs-image-0228.jpg,assets/images/webp/cfs-image-0228.webp,ok,960,528,uncategorized_photo,未分類写真,2016-04-03 17:52,,1
cfs-image-0229,data/facebook-export/this_profile's_activity_across_facebook/posts/media/your_posts/994077783979864.jpg,assets/images/original/cfs-image-0229.jpg,assets/images/webp/cfs-image-0229.webp,ok,960,528,uncategorized_photo,未分類写真,2016-04-03 17:52,,1
